{
  "IcoMoonType": "selection",
  "icons": [
    {
      "icon": {
        "paths": [
          "M321.008 1024c-68.246-142.008-31.902-223.378 20.55-300.044 57.44-83.956 72.244-167.066 72.244-167.066s45.154 58.7 27.092 150.508c79.772-88.8 94.824-230.28 82.782-284.464 180.314 126.012 257.376 398.856 153.522 601.066 552.372-312.532 137.398-780.172 65.154-832.85 24.082 52.676 28.648 141.85-20 185.126-82.352-312.276-285.972-376.276-285.972-376.276 24.082 161.044-87.296 337.144-194.696 468.73-3.774-64.216-7.782-108.528-41.55-169.98-7.58 116.656-96.732 211.748-120.874 328.628-32.702 158.286 24.496 274.18 241.748 396.622z"
        ],
        "tags": [
          "fire",
          "flame",
          "hot",
          "popular"
        ],
        "defaultCode": 59817,
        "grid": 16,
        "attrs": []
      },
      "attrs": [],
      "properties": {
        "ligatures": "fire, flame",
        "name": "fire",
        "order": 14,
        "id": 170,
        "prevSize": 32
      },
      "setIdx": 0,
      "setId": 1,
      "iconIdx": 166
    },
    {
      "icon": {
        "paths": [
          "M1024 397.050l-353.78-51.408-158.22-320.582-158.216 320.582-353.784 51.408 256 249.538-60.432 352.352 316.432-166.358 316.432 166.358-60.434-352.352 256.002-249.538zM512 753.498l-223.462 117.48 42.676-248.83-180.786-176.222 249.84-36.304 111.732-226.396 111.736 226.396 249.836 36.304-180.788 176.222 42.678 248.83-223.462-117.48z"
        ],
        "tags": [
          "star-empty",
          "rate",
          "star",
          "favorite",
          "bookmark"
        ],
        "defaultCode": 59863,
        "grid": 16,
        "attrs": []
      },
      "attrs": [],
      "properties": {
        "ligatures": "star-empty, rate",
        "name": "star-empty",
        "order": 5,
        "id": 216,
        "prevSize": 32
      },
      "setIdx": 0,
      "setId": 1,
      "iconIdx": 212
    },
    {
      "icon": {
        "paths": [
          "M397.434 917.696l-397.868-391.6 197.378-194.27 200.49 197.332 429.62-422.852 197.378 194.27-626.998 617.12zM107.912 526.096l289.524 284.962 518.656-510.482-89.036-87.632-429.62 422.852-200.49-197.334-89.034 87.634z"
        ],
        "tags": [
          "checkmark",
          "tick",
          "correct",
          "accept",
          "ok"
        ],
        "defaultCode": 59921,
        "grid": 16,
        "attrs": []
      },
      "attrs": [],
      "properties": {
        "ligatures": "checkmark2, tick2",
        "name": "checkmark2",
        "order": 16,
        "id": 274,
        "prevSize": 32
      },
      "setIdx": 0,
      "setId": 1,
      "iconIdx": 270
    },
    {
      "icon": {
        "paths": [
          "M736 896c-88.224 0-160-71.776-160-160v-96h-128v96c0 88.224-71.776 160-160 160s-160-71.776-160-160 71.776-160 160-160h96v-128h-96c-88.224 0-160-71.776-160-160s71.776-160 160-160 160 71.776 160 160v96h128v-96c0-88.224 71.776-160 160-160s160 71.776 160 160-71.776 160-160 160h-96v128h96c88.224 0 160 71.776 160 160s-71.774 160-160 160zM640 640v96c0 52.934 43.066 96 96 96s96-43.066 96-96-43.066-96-96-96h-96zM288 640c-52.934 0-96 43.066-96 96s43.066 96 96 96 96-43.066 96-96v-96h-96zM448 576h128v-128h-128v128zM640 384h96c52.934 0 96-43.066 96-96s-43.066-96-96-96-96 43.066-96 96v96zM288 192c-52.934 0-96 43.066-96 96s43.066 96 96 96h96v-96c0-52.934-43.064-96-96-96z"
        ],
        "tags": [
          "command",
          "cmd"
        ],
        "defaultCode": 59982,
        "grid": 16,
        "attrs": []
      },
      "attrs": [],
      "properties": {
        "ligatures": "command, cmd",
        "name": "command",
        "order": 15,
        "id": 335,
        "prevSize": 32
      },
      "setIdx": 0,
      "setId": 1,
      "iconIdx": 331
    }
  ],
  "height": 1024,
  "preferences": {
    "showGlyphs": true,
    "showQuickUse": true,
    "showQuickUse2": true,
    "showSVGs": true,
    "fontPref": {
      "prefix": "icon-",
      "metadata": {
        "fontFamily": "icomoon"
      },
      "metrics": {
        "emSize": 1024,
        "baseline": 6.25,
        "whitespace": 50
      },
      "embed": false
    },
    "imagePref": {
      "prefix": "icon-",
      "png": true,
      "useClassSelector": true,
      "color": 0,
      "bgColor": 16777215,
      "classSelector": ".icon",
      "name": "icomoon"
    },
    "historySize": 50,
    "showCodes": true,
    "gridSize": 16
  }
}